"COUNTRY","CYEAR","ON_TIME","GTEQ_24_MONTHS","12_TO_23_MONTHS","24_TO_36_MONTHS","TARGETNUMBER","DELAYED","TOT","COV_ON_TIME","COV_TOT","COV_DELAYED","DIF_COV"
"ABW",2017,1206,0,0,0,1248,0,1206,96.6346153846154,96.6346153846154,0,0
"ABW",2018,1182,0,0,0,1242,0,1182,95.1690821256039,95.1690821256039,0,0
"ABW",2020,1115,77,0,0,1188,77,1192,93.8552188552189,100.3367003367,6.48148148148148,6.4814814814815
"ABW",2021,936,0,0,0,1022,0,936,91.5851272015656,91.5851272015656,0,0
"AGO",2018,808579,0,201839,0,1023479,201839,1010418,79.0029888253692,98.7238624339141,19.720873608545,19.720873608545
"AGO",2019,845679,0,39171,0,1060045,39171,884850,79.7776509487805,83.4728714347033,3.69522048592277,3.69522048592277
"AGO",2020,794837,0,76617,0,1089677,76617,871454,72.9424407416143,79.973606857812,7.03116611619774,7.03116611619774
"AGO",2021,719920,0,102195,0,1110425,102195,822115,64.8328342751649,74.0360672715402,9.20323299637526,9.20323299637526
"AGO",2022,745732,0,0,0,1132069,0,745732,65.8733699094313,65.8733699094313,0,0
"AIA",2017,137,14,0,0,169,14,151,81.0650887573965,89.3491124260355,8.28402366863905,8.28402366863905
"AIA",2018,133,8,0,0,152,8,141,87.5,92.7631578947368,5.26315789473684,5.26315789473685
"AIA",2019,137,17,0,17,171,17,154,80.1169590643275,90.0584795321637,9.94152046783626,9.94152046783626
"AIA",2020,128,17,0,17,156,17,145,82.051282051282,92.948717948718,10.8974358974359,10.8974358974359
"AIA",2021,124,0,0,0,145,0,124,85.5172413793103,85.5172413793103,0,0
"ALB",2017,27677,4320,0,0,29425,4320,31997,94.0594732370433,108.740866610025,14.6813933729822,14.6813933729822
"ALB",2018,26655,6432,0,0,28064,6432,33087,94.9793329532497,117.898375142531,22.9190421892816,22.9190421892816
"ALB",2019,25554,6432,0,0,28075,6432,31986,91.0204808548531,113.93054318789,22.9100623330365,22.9100623330365
"ALB",2020,23160,6432,0,0,26739,6432,29592,86.615056658813,110.669808145406,24.0547514865926,24.0547514865926
"ALB",2021,22430,0,0,0,26167,0,22430,85.7186532655635,85.7186532655635,0,0
"ARE",2017,53193,0,0,0,53193,0,53193,100,100,0,0
"ARE",2018,81769,0,0,0,81769,0,81769,100,100,0,0
"ARE",2019,79498,0,0,0,79876,0,79498,99.5267664880565,99.5267664880565,0,0
"ARE",2020,75373,0,0,0,75862,0,75373,99.3554085049168,99.3554085049168,0,0
"ARE",2021,81229,0,0,0,83037,0,81229,97.8226573696063,97.8226573696063,0,0
"ARG",2017,657230,63537,0,0,696196,63537,720767,94.4030129446305,103.529322202368,9.12630925773776,9.12630925773777
"ARG",2018,620259,39448,0,39448,720263,39448,659707,86.1156272083947,91.592515511695,5.47688830330032,5.47688830330033
"ARG",2019,512597,13469,0,13469,662753,13469,526066,77.3435955778397,79.3758760805308,2.03228050269105,2.03228050269105
"ARG",2020,484718,118354,0,118354,560851,118354,603072,86.4254498966749,107.528024377241,21.1025744805661,21.1025744805661
"ARG",2021,460509,0,0,0,544299,0,460509,84.605887572823,84.605887572823,0,0
"ARM",2017,35461,7932,0,0,37216,7932,43393,95.2842863284609,116.597699914015,21.3134135855546,21.3134135855546
"ARM",2018,32911,5606,0,0,34539,5606,38517,95.2864877384985,111.517415095978,16.2309273574799,16.2309273574799
"ARM",2019,31733,4934,31733,0,33600,36667,68400,94.4434523809524,203.571428571429,109.127976190476,109.127976190476
"ARM",2020,30868,4073,30868,0,32764,34941,65809,94.2131607862288,200.85764863875,106.644487852521,106.644487852521
"ARM",2021,31058,0,31058,0,32814,31058,62116,94.6486255866398,189.29725117328,94.6486255866398,94.6486255866398
"ATG",2017,1013,32,0,0,1053,32,1045,96.2013295346629,99.2402659069326,3.03893637226971,3.0389363722697
"ATG",2018,935,0,0,0,962,0,935,97.1933471933472,97.1933471933472,0,0
"ATG",2019,987,0,0,0,1109,0,987,88.9990982867448,88.9990982867448,0,0
"ATG",2020,887,0,0,0,1046,0,887,84.7992351816444,84.7992351816444,0,0
"ATG",2021,984,0,0,0,984,0,984,100,100,0,0
"AUS",2020,276880,0,0,0,298575,0,276880,92.7338189734573,92.7338189734573,0,0
"AUS",2021,286161,0,0,0,298058,0,286161,96.0084949909078,96.0084949909078,0,0
"AZE",2017,131813,0,0,0,137287,0,131813,96.0127324509968,96.0127324509968,0,0
"AZE",2018,131701,3700,0,0,135027,3700,135401,97.5367889385086,100.276981640709,2.7401927022003,2.74019270220029
"AZE",2019,108995,3757,0,0,132501,3757,112752,82.2597565301394,85.0952068286277,2.83545029848831,2.83545029848831
"AZE",2020,122305,5404,0,0,131293,5404,127709,93.1542428004539,97.270227658748,4.11598485829404,4.11598485829404
"AZE",2021,95634,0,0,0,103304,0,95634,92.5753117013862,92.5753117013862,0,0
"BDI",2018,331609,0,0,0,378062,0,331609,87.7128619115383,87.7128619115383,0,0
"BDI",2019,377102,0,0,0,386715,0,377102,97.5141900365903,97.5141900365903,0,0
"BDI",2020,388449,0,0,0,397310,0,388449,97.7697515793713,97.7697515793713,0,0
"BDI",2021,402050,0,0,0,465259,0,402050,86.4142337923608,86.4142337923608,0,0
"BDI",2022,395421,0,0,0,474997,0,395421,83.2470520866448,83.2470520866448,0,0
"BEN",2018,350740,0,7510,0,359827,7510,358250,97.4746197478233,99.5617338332032,2.08711408537992,2.08711408537992
"BEN",2019,399070,0,5785,0,370173,5785,404855,107.806350003917,109.369132810875,1.56278280695783,1.56278280695784
"BEN",2020,375762,0,11726,0,347445,11726,387488,108.150066917066,111.524989566694,3.374922649628,3.374922649628
"BEN",2021,395421,0,20306,0,353636,20306,415727,111.815821918583,117.557884378287,5.74206245970433,5.74206245970433
"BEN",2022,411959,0,0,0,360581,0,411959,114.248670895028,114.248670895028,0,0
"BFA",2018,803019,0,656,0,777145,656,803675,103.329365819763,103.413777351717,0.0844115319534965,0.0844115319534779
"BFA",2019,448927,0,1533,0,492047,1533,450460,91.2366095108801,91.5481651143082,0.311555603428128,0.311555603428133
"BFA",2020,793852,0,2488,0,805961,2488,796340,98.497569981674,98.8062697822847,0.3086998006107,0.308699800610697
"BFA",2021,833057,0,9172,0,834638,9172,842229,99.8105765613356,100.909496092917,1.09891953158136,1.09891953158134
"BFA",2022,842370,0,0,0,849044,0,842370,99.2139394424788,99.2139394424788,0,0
"BGR",2017,55521,0,0,0,59782,0,55521,92.8724365193537,92.8724365193537,0,0
"BGR",2018,57884,0,0,0,60888,0,57884,95.0663513335961,95.0663513335961,0,0
"BGR",2019,49418,0,0,0,55964,0,49418,88.3031949110142,88.3031949110142,0,0
"BGR",2020,48345,0,0,0,54031,0,48345,89.4764116895856,89.4764116895856,0,0
"BGR",2021,50381,0,0,0,55241,0,50381,91.2021867815572,91.2021867815572,0,0
"BHR",2017,19574,943,0,0,19574,943,20517,100,104.817615203842,4.81761520384183,4.81761520384183
"BHR",2018,18503,505,0,0,18503,505,19008,100,102.729287142626,2.72928714262552,2.72928714262552
"BHR",2019,17843,698,0,0,17843,698,18541,100,103.911898223393,3.91189822339293,3.91189822339292
"BHR",2020,17026,1174,0,0,17026,1174,18200,100,106.895336544109,6.89533654410901,6.89533654410901
"BHR",2021,17400,0,0,0,17400,0,17400,100,100,0,0
"BHS",2017,3659,460,0,0,4102,460,4119,89.2003900536324,100.414431984398,11.2140419307655,11.2140419307655
"BHS",2018,3489,239,0,0,4183,239,3728,83.4090365766197,89.1226392541238,5.71360267750418,5.71360267750418
"BHS",2019,3379,239,0,0,3897,239,3618,86.7077238901719,92.8406466512702,6.13292276109828,6.13292276109827
"BHS",2020,3211,392,0,392,3897,392,3603,82.3967154221196,92.4557351809084,10.0590197587888,10.0590197587888
"BHS",2021,2997,0,0,0,3726,0,2997,80.4347826086957,80.4347826086957,0,0
"BIH",2017,21610,5691,0,0,30184,5691,27301,71.5942221044262,90.4485820302147,18.8543599257885,18.8543599257885
"BIH",2018,23753,0,0,0,28992,0,23753,81.9294977924945,81.9294977924945,0,0
"BIH",2019,17177,2282,0,0,28308,2282,19459,60.6789600113042,68.7402854316801,8.06132542037587,8.06132542037587
"BIH",2020,16481,0,9745,0,27202,9745,26226,60.5874568046467,96.4120285273142,35.8245717226675,35.8245717226674
"BIH",2021,15263,0,0,0,26249,0,15263,58.1469770276963,58.1469770276963,0,0
"BLR",2017,104472,505,0,0,106313,505,104977,98.268320901489,98.7433333646873,0.475012463198292,0.475012463198283
"BLR",2018,92820,83,0,0,94522,83,92903,98.1993609953238,98.2871712405578,0.0878102452339138,0.0878102452339107
"BLR",2019,83563,143,0,0,85953,143,83706,97.219410608123,97.3857806010261,0.166369992903098,0.1663699929031
"BLR",2020,78897,141,0,0,80784,141,79038,97.6641414141414,97.8386809269162,0.174539512774807,0.174539512774814
"BLR",2021,74735,0,0,0,76047,0,74735,98.2747511407419,98.2747511407419,0,0
"BLZ",2017,6630,50,0,0,6847,50,6680,96.8307287863298,97.5609756097561,0.730246823426318,0.730246823426327
"BLZ",2018,7057,48,0,0,7354,48,7105,95.9613815610552,96.6140875713897,0.652706010334512,0.652706010334512
"BLZ",2019,5840,31,0,26,7135,57,5897,81.8500350385424,82.6489138051857,0.798878766643308,0.798878766643313
"BLZ",2020,5460,34,0,30,6873,64,5524,79.4412920122217,80.3724719918522,0.931179979630438,0.931179979630443
"BLZ",2021,5332,0,0,0,6599,0,5332,80.8001212304895,80.8001212304895,0,0
"BMU",2017,510,0,0,0,587,0,510,86.8824531516184,86.8824531516184,0,0
"BMU",2018,587,0,0,30,545,30,617,107.706422018349,113.211009174312,5.5045871559633,5.50458715596331
"BMU",2019,522,0,0,0,528,0,522,98.8636363636364,98.8636363636364,0,0
"BMU",2020,495,0,0,0,540,0,495,91.6666666666667,91.6666666666667,0,0
"BMU",2021,421,0,0,0,494,0,421,85.2226720647773,85.2226720647773,0,0
"BOL",2017,214557,16473,0,0,242227,16473,231030,88.5768308239792,95.3774764993168,6.8006456753376,6.80064567533761
"BOL",2018,191006,0,16473,17122,242255,33595,224601,78.845018678665,92.7126375100617,13.8676188313967,13.8676188313967
"BOL",2019,180205,126981,17122,16129,242152,160232,340437,74.4181340645545,140.588142984572,66.1700089200172,66.1700089200172
"BOL",2020,177717,163158,0,16129,237747,179287,357004,74.7504700374768,150.161305926047,75.4108358885706,75.4108358885706
"BOL",2021,163158,0,0,0,237165,0,163158,68.795142622225,68.795142622225,0,0
"BRA",2017,2622197,9708517,0,0,2854295,9708517,12330714,91.8684648923815,432.005591573401,340.137126681019,340.137126681019
"BRA",2018,2663064,1483240,1466196,0,2923441,2949436,5612500,91.0934751205856,191.982667000976,100.88919188039,100.88919188039
"BRA",2019,2322905,1280435,0,0,2923441,1280435,3603340,79.4579059402943,123.256805935198,43.7988999949033,43.7988999949033
"BRA",2020,2092969,0,583386,0,2849064,583386,2676355,73.4616351194638,93.938044213819,20.4764090943552,20.4764090943552
"BRA",2021,2202073,0,0,0,2730050,0,2202073,80.6605373527957,80.6605373527957,0,0
"BRB",2017,2060,91,0,0,2434,91,2151,84.6343467543139,88.3730484798685,3.73870172555464,3.73870172555465
"BRB",2018,2418,36,0,36,2384,36,2454,101.426174496644,102.936241610738,1.51006711409396,1.51006711409396
"BRB",2019,2256,30,0,30,2524,30,2286,89.3819334389857,90.5705229793978,1.18858954041204,1.18858954041204
"BRB",2020,1825,75,0,75,2384,75,1900,76.5520134228188,79.6979865771812,3.14597315436242,3.14597315436242
"BRB",2021,1925,0,0,0,2263,0,1925,85.0640742377375,85.0640742377375,0,0
"BRN",2017,6163,0,0,0,6236,0,6163,98.8293778062861,98.8293778062861,0,0
"BRN",2018,5819,0,0,0,5985,0,5819,97.2263993316625,97.2263993316625,0,0
"BRN",2019,5944,0,0,0,6004,0,5944,99.0006662225183,99.0006662225183,0,0
"BRN",2020,6271,0,0,0,6307,0,6271,99.429205644522,99.429205644522,0,0
"BRN",2021,6633,0,0,0,6819,0,6633,97.2723273207215,97.2723273207215,0,0
"BTN",2018,11140,0,0,0,11337,0,11140,98.2623268942401,98.2623268942401,0,0
"BTN",2019,11005,0,0,0,11287,0,11005,97.5015504562771,97.5015504562771,0,0
"BTN",2020,9826,0,0,0,10600,0,9826,92.6981132075472,92.6981132075472,0,0
"BTN",2021,10963,0,0,0,11314,0,10963,96.8976489305285,96.8976489305285,0,0
"BTN",2022,10038,0,0,0,10341,0,10038,97.0699158688715,97.0699158688715,0,0
"BWA",2018,49890,0,1946,0,62953,1946,51836,79.2495989071212,82.3407939256271,3.09119501850587,3.09119501850587
"BWA",2019,50373,0,2098,0,63476,2098,52471,79.3575524607726,82.6627386728842,3.30518621211166,3.30518621211168
"BWA",2020,45516,0,3311,0,64682,3311,48827,70.3688816053925,75.4877709409109,5.11888933551838,5.11888933551839
"BWA",2021,49073,0,0,0,65876,0,49073,74.4929868237294,74.4929868237294,0,0
"BWA",2022,45854,0,0,0,65501,0,45854,70.0050380910215,70.0050380910215,0,0
"CHL",2017,204353,193,0,0,218918,193,204546,93.3468239249399,93.434984788825,0.0881608638851077,0.0881608638850935
"CHL",2018,208482,173,0,173,220307,173,208655,94.6324901160653,94.7110168991453,0.0785267830799748,0.0785267830799796
"CHL",2019,191483,88593,0,444,210701,89037,280520,90.8790181347027,133.136529964262,42.2575118295594,42.2575118295594
"CHL",2020,179799,337,0,337,194748,337,180136,92.3239263047631,92.4969704438557,0.173044139092571,0.173044139092582
"CHL",2021,166149,0,0,0,176940,0,166149,93.9013224821974,93.9013224821974,0,0
"CHN",2018,17200967,0,0,0,17446720,0,17200967,98.5914085856826,98.5914085856826,0,0
"CHN",2019,14970206,0,0,0,15147660,0,14970206,98.8285055249458,98.8285055249458,0,0
"CHN",2020,15273731,0,0,0,15394437,0,15273731,99.2159115659767,99.2159115659767,0,0
"CHN",2021,12993379,0,0,0,13067581,0,12993379,99.4321672848249,99.4321672848249,0,0
"CHN",2022,10223023,0,0,0,10312851,0,10223023,99.1289702527458,99.1289702527458,0,0
"CIV",2018,886850,0,8046,0,968359,8046,894896,91.5827704394755,92.4136606361897,0.830890196714235,0.830890196714222
"CIV",2019,928216,0,10151,0,1007093,10151,938367,92.1678534157223,93.1758040220714,1.00795060634917,1.00795060634917
"CIV",2020,898164,0,2754,0,1044481,2754,900918,85.9914158323608,86.2550874549178,0.26367162255704,0.263671622557041
"CIV",2021,938139,0,1214,0,1063668,1214,939353,88.1984792247205,88.3126125821215,0.114133357400994,0.114133357400988
"CIV",2022,933382,0,0,0,1091894,0,933382,85.4828399093685,85.4828399093685,0,0
"CMR",2018,611583,0,0,0,861979,0,611583,70.9510324497464,70.9510324497464,0,0
"CMR",2019,632087,20682,236739,0,884076,257421,889508,71.4969075056895,100.614426813984,29.1175193082948,29.1175193082948
"CMR",2020,657006,0,20682,0,888066,20682,677688,73.9816635250083,76.3105444865584,2.32888096155015,2.32888096155015
"CMR",2021,697298,0,33566,0,941701,33566,730864,74.0466453789472,77.6110463937067,3.56440101475946,3.56440101475945
"CMR",2022,742078,0,0,0,965829,0,742078,76.8332696574652,76.8332696574652,0,0
"COL",2017,692174,650599,0,0,727193,650599,1342773,95.1843595854196,184.651529923968,89.4671703385484,89.4671703385484
"COL",2018,663997,0,0,3286,702452,3286,667283,94.5256045964706,94.9933945664615,0.467789969990832,0.467789969990832
"COL",2019,633760,569966,19950,3286,700319,593202,1226962,90.4959025815378,175.200444368923,84.7045417873855,84.7045417873855
"COL",2020,569966,30211,0,0,690659,30211,600177,82.5249508078516,86.8991789001519,4.37422809230025,4.37422809230026
"COL",2021,594043,0,597093,0,674937,597093,1191136,88.0145850649764,176.481064158581,88.4664790936043,88.4664790936043
"CPV",2018,10427,0,20,0,10496,20,10447,99.3426067073171,99.5331554878049,0.190548780487805,0.190548780487802
"CPV",2020,9843,0,33,0,10379,33,9876,94.8357259851623,95.1536756912997,0.317949706137393,0.317949706137398
"CPV",2021,8570,0,0,0,8201,0,8570,104.499451286428,104.499451286428,0,0
"CPV",2022,8267,0,0,0,8201,0,8267,100.80477990489,100.80477990489,0,0
"CRI",2017,65373,0,0,0,69248,0,65373,94.4041705175601,94.4041705175601,0,0
"CRI",2018,64607,0,0,0,67906,0,64607,95.1418136836215,95.1418136836215,0,0
"CRI",2019,62958,0,0,0,66347,0,62958,94.8920071744012,94.8920071744012,0,0
"CRI",2020,50940,3146,0,0,57386,3146,54086,88.767295159098,94.2494685114836,5.4821733523856,5.4821733523856
"CRI",2021,48197,0,0,0,53435,0,48197,90.1974361373632,90.1974361373632,0,0
"CUB",2017,120396,110,0,0,120400,110,120506,99.9966777408638,100.08803986711,0.0913621262458472,0.0913621262458406
"CUB",2018,115833,226,0,0,115872,226,116059,99.9663421706711,100.161384976526,0.195042805854736,0.19504280585474
"CUB",2019,106792,102,0,0,109165,102,106894,97.8262263546008,97.9196628956167,0.0934365410158934,0.0934365410158904
"CUB",2020,104396,102,0,0,104514,102,104498,99.8870964655453,99.9846910461756,0.0975945806303462,0.0975945806303429
"CUB",2021,104472,0,0,0,104514,0,104472,99.959813996211,99.959813996211,0,0
"CYM",2017,641,0,0,0,713,0,641,89.9018232819074,89.9018232819074,0,0
"CYM",2019,594,24,0,19,727,43,637,81.7056396148556,87.6203576341128,5.91471801925722,5.91471801925722
"CYM",2020,637,26,0,26,753,26,663,84.5949535192563,88.0478087649402,3.45285524568393,3.45285524568393
"CYM",2021,772,0,0,0,841,0,772,91.79548156956,91.79548156956,0,0
"CYP",2017,4469,0,0,0,9326,0,4469,47.9197941239545,47.9197941239545,0,0
"CYP",2018,3866,0,0,0,9238,0,3866,41.848885040052,41.848885040052,0,0
"CZE",2020,7564,0,0,0,7834,0,7564,96.5534848098034,96.5534848098034,0,0
"CZE",2021,7564,0,0,0,7834,0,7564,96.5534848098034,96.5534848098034,0,0
"DEU",2017,617469,0,0,0,635696,0,617469,97.1327489869372,97.1327489869372,0,0
"DEU",2018,625356,0,0,0,643115,0,625356,97.2385965185076,97.2385965185076,0,0
"DEU",2019,603829,0,0,0,620982,0,603829,97.2377621251502,97.2377621251502,0,0
"DEU",2020,296568,0,0,0,304539,0,296568,97.3826012431905,97.3826012431905,0,0
"DMA",2017,520,21,0,0,622,21,541,83.6012861736334,86.9774919614148,3.37620578778135,3.37620578778134
"DMA",2018,647,163,0,0,702,163,810,92.1652421652422,115.384615384615,23.2193732193732,23.2193732193732
"DMA",2019,717,27,0,27,782,27,744,91.6879795396419,95.1406649616368,3.45268542199488,3.45268542199489
"DMA",2020,691,144,0,0,786,144,835,87.9134860050891,106.234096692112,18.3206106870229,18.3206106870229
"DMA",2021,631,0,0,0,722,0,631,87.3961218836565,87.3961218836565,0,0
"DNK",2017,59264,0,0,0,62793,0,59264,94.3799468093577,94.3799468093577,0,0
"DNK",2018,59095,0,0,0,62246,0,59095,94.9378273302702,94.9378273302702,0,0
"DNK",2019,57952,0,0,0,61934,0,57952,93.5705751283624,93.5705751283624,0,0
"DNK",2020,58179,0,0,0,61855,0,58179,94.0570689515803,94.0570689515803,0,0
"DNK",2021,58167,0,0,0,62168,0,58167,93.5642130999871,93.5642130999871,0,0
"DOM",2017,182863,0,182863,0,191614,182863,365726,95.4330059390232,190.866011878046,95.4330059390232,95.4330059390232
"DOM",2018,187272,0,0,0,190554,0,187272,98.2776535785132,98.2776535785132,0,0
"DOM",2019,156096,0,0,0,189790,0,156096,82.2466937141051,82.2466937141051,0,0
"DOM",2020,165884,0,0,0,188705,0,165884,87.9065207599163,87.9065207599163,0,0
"DOM",2021,188845,0,0,0,187615,0,188845,100.655597899955,100.655597899955,0,0
"ECU",2017,276814,10523,0,0,332461,10523,287337,83.2620969076072,86.4272801922632,3.16518328465594,3.16518328465595
"ECU",2018,276289,35784,0,0,331669,35784,312073,83.3026300317485,94.0916998573879,10.7890698256394,10.7890698256394
"ECU",2019,266550,343089,302334,0,331025,645423,911973,80.5226191375274,275.499735669511,194.977116531984,194.977116531984
"ECU",2020,215874,243905,0,0,330345,243905,459779,65.3480452254461,139.181461805083,73.8334165796364,73.8334165796364
"ECU",2021,243905,0,0,0,329725,0,243905,73.972249601941,73.972249601941,0,0
"EGY",2017,2392602,94767,0,0,2534617,94767,2487369,94.3969838441074,98.1358919316015,3.73890808749409,3.73890808749408
"EGY",2018,2250618,82540,0,0,2378311,82540,2333158,94.6309376696319,98.101467806355,3.47053013672308,3.47053013672308
"EGY",2019,2140242,20417,0,0,2282209,20417,2160659,93.7794040773654,94.6740197764534,0.894615699088033,0.894615699088035
"EGY",2020,2133467,19356,0,0,2224366,19356,2152823,95.9134872588414,96.7836677956775,0.870180536836114,0.870180536836102
"EGY",2021,2004683,0,0,0,2091246,0,2004683,95.8606974024099,95.8606974024099,0,0
"ERI",2018,77971,0,590,0,109342,590,78561,71.3092864590002,71.8488778328547,0.539591373854512,0.539591373854506
"ERI",2019,79340,0,804,0,97411.99104,804,80144,81.4478783904754,82.273238791609,0.82536040113363,0.825360401133622
"ERI",2020,83620,0,629,0,99876,629,84249,83.7238175337418,84.353598462093,0.629780928351155,0.629780928351153
"ERI",2021,87023,0,514,0,102673,514,87537,84.7574337946685,85.2580522630098,0.500618468341239,0.500618468341244
"ERI",2022,81796,0,0,0,102543,0,81796,79.7675121656281,79.7675121656281,0,0
"EST",2017,11630,1100,0,0,13388,1100,12730,86.8688377651628,95.0851508813863,8.21631311622348,8.21631311622347
"EST",2018,12152,0,0,0,13846,0,12152,87.7654196157735,87.7654196157735,0,0
"EST",2019,12618,204,0,0,13900,204,12822,90.7769784172662,92.2446043165468,1.46762589928058,1.46762589928059
"EST",2020,12016,0,0,0,13437,0,12016,89.4247227803825,89.4247227803825,0,0
"EST",2021,11120,0,0,0,14255,0,11120,78.0077165906699,78.0077165906699,0,0
"FSM",2017,3369,1656,0,0,4599,1656,5025,73.2550554468363,109.262883235486,36.0078277886497,36.0078277886497
"FSM",2018,3444,0,0,0,4412,0,3444,78.0598368087035,78.0598368087035,0,0
"FSM",2019,3311,0,3311,0,4210,3311,6622,78.646080760095,157.29216152019,78.646080760095,78.646080760095
"FSM",2020,2582,0,0,0,4004,0,2582,64.4855144855145,64.4855144855145,0,0
"FSM",2021,2758,0,0,0,4016,0,2758,68.6752988047809,68.6752988047809,0,0
"GBR",2017,721207,0,0,0,786797,0,721207,91.6636692819113,91.6636692819113,0,0
"GBR",2018,710411,0,0,0,782225,0,710411,90.8192655565854,90.8192655565854,0,0
"GBR",2019,691632,0,0,0,759399,0,691632,91.0762326524001,91.0762326524001,0,0
"GBR",2020,669892,0,0,0,736955,0,669892,90.8999871091179,90.8999871091179,0,0
"GBR",2021,648375,0,0,0,722021,0,648375,89.800019667018,89.800019667018,0,0
"GEO",2017,50203,5940,0,0,51060,5940,56143,98.3215824520172,109.954954954955,11.6333725029377,11.6333725029377
"GEO",2018,46955,2230,0,0,47055,2230,49185,99.7874827329721,104.526617787695,4.7391350547232,4.73913505472321
"GEO",2019,40844,1560,0,0,44929,1560,42404,90.9078768723987,94.3800218121926,3.4721449397939,3.47214493979389
"GEO",2020,37815,3553,0,0,41965,3553,41368,90.1108066245681,98.5773859168355,8.46657929226737,8.46657929226735
"GEO",2021,35987,0,0,0,39965,0,35987,90.0462905041912,90.0462905041912,0,0
"GHA",2018,1094228,0,11423,0,1154946.195,11423,1105651,94.7427685148571,95.7318189181964,0.989050403339352,0.989050403339348
"GHA",2019,1124121,0,9959,0,1181170.692,9959,1134080,95.1700721676897,96.0132187228364,0.843146555146663,0.84314655514666
"GHA",2021,1160450,0,8899,0,1202449,8899,1169349,96.5072115324642,97.2472845002158,0.740072967751647,0.740072967751644
"GHA",2022,1160243,0,0,0,1226896,0,1160243,94.567347191612,94.567347191612,0,0
"GMB",2018,74547,0,0,0,82127,0,74547,90.7703921974503,90.7703921974503,0,0
"GMB",2019,69957,0,0,0,82127,0,69957,85.1814872088351,85.1814872088351,0,0
"GMB",2021,66692,0,0,0,83947,0,66692,79.4453643370222,79.4453643370222,0,0
"GMB",2022,63985,0,0,0,86988,0,63985,73.5561226835885,73.5561226835885,0,0
"GRD",2017,1337,3,0,0,1587,3,1340,84.2470069313169,84.4360428481411,0.189035916824197,0.189035916824196
"GRD",2018,1338,24,0,24,1425,24,1362,93.8947368421053,95.5789473684211,1.68421052631579,1.68421052631579
"GRD",2019,1263,0,0,0,1525,0,1263,82.8196721311475,82.8196721311475,0,0
"GRD",2020,1119,0,15,20,1606,35,1154,69.6762141967621,71.8555417185554,2.17932752179328,2.17932752179327
"GRD",2021,1120,0,1120,0,1482,1120,2240,75.5735492577598,151.14709851552,75.5735492577598,75.5735492577598
"GTM",2017,340314,22663,0,0,381396,22663,362977,89.2285183903345,95.1706362940356,5.94211790370114,5.94211790370113
"GTM",2018,343180,5568,0,5568,382841,5568,348748,89.6403467758155,91.0947364571715,1.45438968135597,1.45438968135596
"GTM",2019,323963,7944,331829,2894,366448,342667,666630,88.4062677378509,181.9166703052,93.5104025673493,93.5104025673493
"GTM",2020,295192,10374,0,6596,366448,16970,312162,80.5549491333013,85.1858926778151,4.63094354451382,4.63094354451383
"GTM",2021,287329,0,0,0,344746,0,287329,83.3451294576297,83.3451294576297,0,0
"GUY",2017,15354,0,0,0,15654,0,15354,98.0835569183595,98.0835569183595,0,0
"GUY",2018,15048,0,0,0,15313,0,15048,98.2694442630445,98.2694442630445,0,0
"GUY",2019,16239,204,0,39,15340,243,16482,105.860495436767,107.444589308996,1.58409387222947,1.58409387222947
"GUY",2020,14492,1027,0,0,15283,1027,15519,94.8243145979193,101.544199437283,6.719884839364,6.719884839364
"GUY",2021,14949,0,0,0,14524,0,14949,102.92619113192,102.92619113192,0,0
"HND",2017,176632,3386,0,0,194037,3386,180018,91.030061276973,92.7750892870947,1.74502801012178,1.74502801012177
"HND",2018,173085,0,0,3212,195399,3212,176297,88.5802895613591,90.2241055481348,1.64381598677578,1.64381598677578
"HND",2019,161411,4325,3212,0,196447,7537,168948,82.1651641409642,86.0018223744827,3.83665823351846,3.83665823351845
"HND",2020,159035,4977,0,4977,197194,4977,164012,80.6490055478361,83.1729160116434,2.52391046380722,2.52391046380723
"HND",2021,152385,0,0,0,198306,0,152385,76.8433632870412,76.8433632870412,0,0
"HRV",2017,36970,0,0,0,39651,0,36970,93.2385059645406,93.2385059645406,0,0
"HRV",2018,35491,0,0,0,38156,0,35491,93.0155152531712,93.0155152531712,0,0
"HRV",2019,32174,0,0,0,35293,0,32174,91.1625534808602,91.1625534808602,0,0
"HRV",2020,32067,0,0,0,35921,0,32067,89.2709000306228,89.2709000306228,0,0
"HRV",2021,32089,0,0,0,35660,0,32089,89.9859786876052,89.9859786876052,0,0
"HTI",2018,224892,0,0,0,305829,0,224892,73.5352108531238,73.5352108531238,0,0
"HTI",2019,218177,0,0,0,310285,0,218177,70.3150329535749,70.3150329535749,0,0
"HTI",2020,219677,0,0,0,264084,0,219677,83.1845170476061,83.1845170476061,0,0
"HTI",2021,194086,0,0,0,266279,0,194086,72.8882112370859,72.8882112370859,0,0
"HTI",2022,204429,0,0,0,269554,0,204429,75.8397204270758,75.8397204270758,0,0
"HUN",2017,91244,0,0,0,91351,0,91244,99.8828693719828,99.8828693719828,0,0
"HUN",2018,90125,0,0,0,90239,0,90125,99.8736688128193,99.8736688128193,0,0
"HUN",2019,88249,0,0,0,88397,0,88249,99.8325735036257,99.8325735036257,0,0
"HUN",2020,88108,0,0,0,88248,0,88108,99.8413561780437,99.8413561780437,0,0
"HUN",2021,91337,0,0,0,91490,0,91337,99.8327686085911,99.8327686085911,0,0
"IDN",2018,4340125,0,1,0,4720024,1,4340126,91.9513332983053,91.9513544846382,2.11863329508494e-05,2.11863329582229e-05
"IDN",2019,4448141,0,0,0,4675206,0,4448141,95.143208662891,95.143208662891,0,0
"IDN",2020,4007742,0,0,0,4650109,0,4007742,86.1859797264967,86.1859797264967,0,0
"IDN",2021,3814487,0,0,0,4367228,0,3814487,87.3434361567566,87.3434361567566,0,0
"IDN",2022,4244731,0,0,0,4136626,0,4244731,102.613361710728,102.613361710728,0,0
"IRL",2017,53048,0,0,0,57450,0,53048,92.3376849434291,92.3376849434291,0,0
"IRL",2018,42519,0,0,0,46747,0,42519,90.9555693413481,90.9555693413481,0,0
"IRL",2019,55071,0,0,0,60000,0,55071,91.785,91.785,0,0
"IRL",2020,53985,0,0,0,59740,0,53985,90.366588550385,90.366588550385,0,0
"IRL",2021,51100,0,0,0,57079,0,51100,89.5250442369348,89.5250442369348,0,0
"IRN",2017,1469925,7896,0,0,1451220,7896,1477821,101.288915533138,101.833009467896,0.544093934758341,0.544093934758337
"IRN",2018,1382634,6903,0,0,1409321,6903,1389537,98.1063930786528,98.5962034199448,0.489810341292012,0.489810341292028
"IRN",2019,1211252,7067,0,0,1179063,7067,1218319,102.730049200085,103.329423448959,0.599374248873894,0.599374248873914
"IRN",2020,1085796,8934,0,0,1088489,8934,1094730,99.7525928144428,100.573363626091,0.820770811648074,0.82077081164806
"IRN",2021,1051113,0,0,0,1064612,0,1051113,98.7320263156906,98.7320263156906,0,0
"IRQ",2017,926682,0,0,0,1097700,0,926682,84.4203334244329,84.4203334244329,0,0
"IRQ",2018,886265,0,0,0,1081691,0,886265,81.9332877873626,81.9332877873626,0,0
"IRQ",2019,801304,0,0,0,1059876,0,801304,75.6035611713068,75.6035611713068,0,0
"IRQ",2020,810070,0,0,0,1079234,0,810070,75.0597182816702,75.0597182816702,0,0
"IRQ",2021,937385,0,0,0,1067290,0,937385,87.8285189592332,87.8285189592332,0,0
"ISL",2017,3956,37,0,0,4260,37,3993,92.8638497652582,93.7323943661972,0.868544600938967,0.868544600938975
"ISL",2018,3936,561,0,0,4253,561,4497,92.5464378086057,105.73712673407,13.1906889254644,13.1906889254644
"ISL",2019,4089,111,0,0,4402,111,4200,92.8895956383462,95.4111767378464,2.52158109950023,2.52158109950022
"ISL",2020,4248,62,0,0,4639,62,4310,91.5714593662427,92.9079543004958,1.33649493425307,1.33649493425308
"ISL",2021,4286,0,0,0,4687,0,4286,91.4444207382121,91.4444207382121,0,0
"ITA",2017,434549,0,0,0,466140,0,434549,93.22285150384,93.22285150384,0,0
"ITA",2019,398895,0,0,0,434292,0,398895,91.8494929678649,91.8494929678649,0,0
"ITA",2020,389805,0,0,0,415408,0,389805,93.836661787929,93.836661787929,0,0
"ITA",2021,378108,0,0,0,400517,0,378108,94.404981561332,94.404981561332,0,0
"JAM",2017,32094,577,0,0,36160,577,32671,88.7555309734513,90.3512168141593,1.59568584070796,1.59568584070797
"JAM",2018,32218,94,0,94,34426,94,32312,93.5862429559054,93.8592923952826,0.273049439377215,0.273049439377218
"JAM",2019,32457,2668,0,369,34862,3037,35494,93.1013711204176,101.812862142161,8.71149102174287,8.71149102174289
"JAM",2020,29754,2601,0,614,33875,3215,32969,87.8346863468635,97.3254612546125,9.49077490774908,9.49077490774908
"JAM",2021,30060,0,0,0,33126,0,30060,90.7444303568194,90.7444303568194,0,0
"JPN",2017,995588,0,0,0,1024492,0,995588,97.1786992968222,97.1786992968222,0,0
"JPN",2018,964303,0,0,0,1004331,0,964303,96.014461367816,96.014461367816,0,0
"JPN",2019,953115,0,0,0,967768,0,953115,98.4858974464954,98.4858974464954,0,0
"JPN",2020,901915,0,0,0,945268,0,901915,95.4136816225663,95.4136816225663,0,0
"JPN",2021,884433,0,0,0,898175,0,884433,98.470008628608,98.470008628608,0,0
"KAZ",2017,342429,18739,0,0,344035,18739,361168,99.5331870303893,104.980016568082,5.44682953769239,5.44682953769239
"KAZ",2019,311353,8592,0,0,335053,8592,319945,92.9264922266029,95.4908626396421,2.56437041303913,2.56437041303914
"KAZ",2020,317309,0,317309,0,325901,317309,634618,97.3636165584027,194.727233116805,97.3636165584027,97.3636165584027
"KAZ",2021,347332,0,0,0,346532,0,347332,100.230858910577,100.230858910577,0,0
"KEN",2018,1258434,17894,26890,0,1593114.7,44784,1303218,78.9920524868674,81.8031495158509,2.81109702898354,2.81109702898354
"KEN",2019,1262002,0,0,0,1549346.714,0,1262002,81.4538146043404,81.4538146043404,0,0
"KEN",2020,1243443,0,0,0,1494648,0,1243443,83.1930327408192,83.1930327408192,0,0
"KEN",2021,1274208,0,22098,0,1517680,22098,1296306,83.9576195245374,85.4136576880502,1.45603816351273,1.45603816351273
"KEN",2022,1335732,0,0,0,1563171,0,1335732,85.450152286602,85.450152286602,0,0
"KGZ",2017,146399,5753,0,0,152112,5753,152152,96.2442147891028,100.026296413169,3.78208162406648,3.78208162406648
"KGZ",2018,143428,987,3465,0,149243,4452,147880,96.1036698538625,99.0867243354797,2.98305448161723,2.98305448161723
"KGZ",2019,141333,0,0,0,154116,0,141333,91.7055983804407,91.7055983804407,0,0
"KGZ",2020,141867,2169,0,0,151927,2169,144036,93.3783988362832,94.806058172675,1.42765933639182,1.42765933639183
"KGZ",2021,136745,0,0,0,144783,0,136745,94.4482432329763,94.4482432329763,0,0
"KHM",2018,373867,0,58368,0,360033,58368,432235,103.842425555435,120.054272802771,16.2118472473357,16.2118472473357
"KHM",2019,373134,0,42417,0,359521,42417,415551,103.78642694029,115.584625098395,11.7981981581048,11.7981981581048
"KHM",2020,382078,11927,14895,0,357095,26822,408900,106.996177487783,114.507343984094,7.51116649631051,7.51116649631052
"KHM",2021,362170,0,0,0,352662,0,362170,102.696065921477,102.696065921477,0,0
"KHM",2022,348901,0,0,0,341920,0,348901,102.041705662143,102.041705662143,0,0
"KIR",2017,2669,0,0,0,3180,0,2669,83.9308176100629,83.9308176100629,0,0
"KIR",2018,3052,0,0,0,3249,0,3052,93.936595875654,93.936595875654,0,0
"KIR",2019,2687,0,0,0,3284,0,2687,81.8209500609013,81.8209500609013,0,0
"KIR",2020,2654,0,0,0,3311,0,2654,80.1570522500755,80.1570522500755,0,0
"KIR",2021,2821,0,0,0,3333,0,2821,84.6384638463846,84.6384638463846,0,0
"KNA",2017,683,2,0,0,708,2,685,96.4689265536723,96.7514124293785,0.282485875706215,0.282485875706215
"KNA",2018,666,0,0,0,684,0,666,97.3684210526316,97.3684210526316,0,0
"KNA",2019,670,1,0,0,702,1,671,95.4415954415954,95.5840455840456,0.142450142450142,0.142450142450144
"KNA",2020,626,11,0,6,652,17,643,96.0122699386503,98.6196319018405,2.60736196319018,2.60736196319019
"KNA",2021,588,0,0,0,621,0,588,94.6859903381642,94.6859903381642,0,0
"KOR",2017,401118,23360,0,0,411000,23360,424478,97.5956204379562,103.279318734793,5.68369829683698,5.68369829683698
"KOR",2018,353152,12822,0,0,362589,12822,365974,97.397328655861,100.933563897416,3.53623524155449,3.53623524155448
"KOR",2019,323162,9444,1,0,332058,9445,332607,97.320949954526,100.165332562384,2.84438260785766,2.84438260785768
"KOR",2020,299388,9006,1,0,306740,9007,308395,97.603181847819,100.539544891439,2.93636304362,2.93636304362002
"KOR",2021,270056,0,0,0,277573,0,270056,97.2918835765726,97.2918835765726,0,0
"KWT",2017,56166,0,0,0,56981,0,56166,98.569698671487,98.569698671487,0,0
"KWT",2020,50052,0,0,0,53220,0,50052,94.0473506200676,94.0473506200676,0,0
"KWT",2021,52029,0,0,0,52745,0,52029,98.6425253578538,98.6425253578538,0,0
"LAO",2018,143997,0,11744,0,156960,11744,155741,91.7412079510703,99.2233690112131,7.48216106014271,7.48216106014272
"LAO",2019,137584,0,9506,0,154947,9506,147090,88.7942328667222,94.9292338670642,6.13500100034205,6.13500100034206
"LAO",2020,130500,0,12481,0,152667,12481,142981,85.4801627070683,93.6554723679643,8.17530966089594,8.17530966089593
"LAO",2021,119896,0,32576,0,151295,32576,152472,79.2465051720149,100.777950361876,21.5314451898609,21.5314451898609
"LAO",2022,122154,0,0,0,149733,0,122154,81.5812145619202,81.5812145619202,0,0
"LBN",2017,127744,0,0,0,138551,0,127744,92.1999841213705,92.1999841213705,0,0
"LBN",2018,112419,0,0,0,120972,0,112419,92.9297688721357,92.9297688721357,0,0
"LBN",2019,102826,0,102826,0,120972,102826,205652,84.9998346724862,169.999669344972,84.9998346724862,84.9998346724862
"LBN",2020,94237,0,52363,0,120972,52363,146600,77.899844592137,121.185067618953,43.2852230268161,43.2852230268161
"LBN",2021,82983,0,0,0,97232,0,82983,85.3453595524107,85.3453595524107,0,0
"LBY",2017,255210,0,0,0,265326,0,255210,96.1873318106782,96.1873318106782,0,0
"LBY",2018,234568,0,0,0,247510,0,234568,94.7711203587734,94.7711203587734,0,0
"LBY",2019,219911,0,0,0,237046,0,219911,92.7714452047282,92.7714452047282,0,0
"LBY",2020,225643,0,0,0,236737,0,225643,95.3137870294884,95.3137870294884,0,0
"LBY",2021,242117,0,0,0,254588,0,242117,95.101497321162,95.101497321162,0,0
"LCA",2017,1728,0,0,0,2006,0,1728,86.1415752741775,86.1415752741775,0,0
"LCA",2018,1786,46,0,46,1864,46,1832,95.8154506437768,98.2832618025751,2.46781115879828,2.46781115879828
"LCA",2019,1695,59,0,59,1896,59,1754,89.3987341772152,92.5105485232068,3.11181434599156,3.11181434599156
"LCA",2020,1403,100,0,100,1830,100,1503,76.6666666666667,82.1311475409836,5.46448087431694,5.46448087431693
"LCA",2021,1497,0,0,0,1842,0,1497,81.2703583061889,81.2703583061889,0,0
"LKA",2018,317014,0,0,0,327116,0,317014,96.9117988725712,96.9117988725712,0,0
"LKA",2019,312261,0,0,0,318373,0,312261,98.0802392162652,98.0802392162652,0,0
"LKA",2020,297602,0,0,0,311116,0,297602,95.6562825441315,95.6562825441315,0,0
"LKA",2021,298459,0,0,0,309074,0,298459,96.5655474093583,96.5655474093583,0,0
"LKA",2022,269844,0,0,0,273056,0,269844,98.8236845189265,98.8236845189265,0,0
"LSO",2018,23089,0,0,0,38114,0,23089,60.5787899459516,60.5787899459516,0,0
"LSO",2019,34021,0,0,0,33684,0,34021,101.000475002969,101.000475002969,0,0
"LSO",2020,28377,0,0,0,33024,0,28377,85.9284156976744,85.9284156976744,0,0
"LSO",2021,29181,0,0,0,32351,0,29181,90.2012302556335,90.2012302556335,0,0
"LSO",2022,26565,0,0,0,31661,0,26565,83.9044881715676,83.9044881715676,0,0
"LTU",2017,27047,7833,0,0,29352,7833,34880,92.1470427909512,118.833469610248,26.6864268192968,26.6864268192968
"LTU",2018,25698,7706,0,0,27713,7706,33404,92.7290441309133,120.535488759788,27.8064446288745,27.8064446288746
"LTU",2019,24136,6970,0,0,26792,6970,31106,90.0865930128397,116.101821439236,26.0152284263959,26.0152284263959
"LTU",2020,22358,6090,0,0,25290,6090,28448,88.4064847765915,112.487149070779,24.0806642941874,24.0806642941874
"LTU",2021,26652,0,0,0,30801,0,26652,86.5296581279829,86.5296581279829,0,0
"LVA",2017,20887,1869,0,0,21356,1869,22756,97.8038958606481,106.555534744334,8.75163888368608,8.7516388836861
"LVA",2018,19788,1385,0,0,19977,1385,21173,99.0539119987986,105.986884917655,6.93297291885669,6.93297291885671
"LVA",2019,18767,1122,0,0,18971,1122,19889,98.9246745031891,104.838964735649,5.91429023246007,5.91429023246008
"LVA",2020,16860,0,0,0,17468,0,16860,96.5193496679643,96.5193496679643,0,0
"LVA",2021,16762,0,0,0,17420,0,16762,96.2227324913892,96.2227324913892,0,0
"MAC",2017,7321,0,0,0,7718,0,7321,94.8561803576056,94.8561803576056,0,0
"MAC",2018,6524,0,0,0,6688,0,6524,97.5478468899522,97.5478468899522,0,0
"MAC",2019,6003,0,0,0,6150,0,6003,97.609756097561,97.609756097561,0,0
"MAC",2020,5978,0,0,0,6219,0,5978,96.1247789033607,96.1247789033607,0,0
"MAC",2021,5297,0,0,0,5436,0,5297,97.4429727740986,97.4429727740986,0,0
"MDA",2017,35996,3180,0,0,38735,3180,39176,92.928875693817,101.13850522783,8.20962953401317,8.20962953401316
"MDA",2018,36536,0,33356,0,37696,33356,69892,96.9227504244482,185.409592529711,88.4868421052632,88.4868421052632
"MDA",2019,29331,3006,0,0,34810,3006,32337,84.2602700373456,92.8957196207986,8.63544958345303,8.63544958345302
"MDA",2020,27429,3639,0,0,32973,3639,31068,83.1862432899645,94.2225457192248,11.0363024292603,11.0363024292603
"MDA",2021,26206,0,0,0,31128,0,26206,84.1878694423028,84.1878694423028,0,0
"MDV",2018,6483,0,0,0,6504,0,6483,99.6771217712177,99.6771217712177,0,0
"MDV",2019,6386,0,0,0,6460,0,6386,98.8544891640867,98.8544891640867,0,0
"MDV",2020,9495,0,0,0,6132,0,9495,154.843444227006,154.843444227006,0,0
"MDV",2021,5931,0,0,0,6087,0,5931,97.4371611631345,97.4371611631345,0,0
"MDV",2022,5587,0,0,0,5689,0,5587,98.207066268237,98.207066268237,0,0
"MEX",2017,2129896,59954,0,0,2204730,59954,2189850,96.6057521782713,99.3250874256712,2.71933524739991,2.71933524739991
"MEX",2018,1615342,0,0,0,2202859,0,1615342,73.3293415511388,73.3293415511388,0,0
"MEX",2019,1987807,391768,0,391768,1909958,391768,2379575,104.075953502642,124.587818161446,20.511864658804,20.511864658804
"MEX",2020,2196900,964312,0,0,2131250,964312,3161212,103.080351906158,148.326662756598,45.2463108504399,45.2463108504399
"MEX",2021,1814279,0,0,0,2114701,0,1814279,85.7936417488808,85.7936417488808,0,0
"MHL",2017,1339,0,0,0,1615,0,1339,82.9102167182663,82.9102167182663,0,0
"MHL",2019,11,0,718,0,1274,718,729,0.86342229199372,57.2213500784929,56.3579277864992,56.3579277864992
"MHL",2020,542,0,0,0,1656,0,542,32.7294685990338,32.7294685990338,0,0
"MHL",2021,7,0,0,0,1006,0,7,0.695825049701789,0.695825049701789,0,0
"MKD",2017,17670,0,0,0,23629,0,17670,74.7809894621017,74.7809894621017,0,0
"MKD",2019,12764,5658,0,0,20273,5658,18422,62.9605879741528,90.8696295565531,27.9090415824002,27.9090415824002
"MKD",2020,14574,7123,0,0,20699,7123,21697,70.4091985120054,104.821488960819,34.412290448814,34.4122904488139
"MKD",2021,15791,0,0,0,22342,0,15791,70.6785426550891,70.6785426550891,0,0
"MLT",2017,4540,154,0,0,4756,154,4694,95.4583683767872,98.6963835155593,3.23801513877208,3.23801513877207
"MLT",2018,4337,0,0,0,4517,0,4337,96.0150542395395,96.0150542395395,0,0
"MLT",2019,4564,0,0,0,4782,0,4564,95.4412379757424,95.4412379757424,0,0
"MLT",2020,3784,0,0,0,4191,0,3784,90.2887139107612,90.2887139107612,0,0
"MLT",2021,4324,0,0,0,4507,0,4324,95.9396494342135,95.9396494342135,0,0
"MMR",2018,884649,0,0,0,950560,0,884649,93.0660873590305,93.0660873590305,0,0
"MMR",2019,814623,0,0,0,968376,0,814623,84.1225928771469,84.1225928771469,0,0
"MMR",2020,847905,0,0,0,927884,0,847905,91.3804958378418,91.3804958378418,0,0
"MMR",2021,413645,0,0,0,943217,0,413645,43.854701516194,43.854701516194,0,0
"MMR",2022,666736,0,0,0,888436,0,666736,75.0460359553192,75.0460359553192,0,0
"MNE",2017,3186,0,0,0,7574,0,3186,42.0649590705044,42.0649590705044,0,0
"MNE",2019,1729,0,0,0,7239,0,1729,23.8845144356955,23.8845144356955,0,0
"MNE",2020,1295,0,0,0,7088,0,1295,18.270316027088,18.270316027088,0,0
"MNE",2021,2342,0,0,0,7128,0,2342,32.8563411896745,32.8563411896745,0,0
"MNG",2018,71041,0,3542,0,71960,3542,74583,98.7229016120067,103.645080600334,4.92217898832685,4.92217898832685
"MNG",2019,70436,0,1710,0,71855,1710,72146,98.0251896179807,100.404982255932,2.37979263795143,2.37979263795143
"MNG",2020,71418,0,1120,0,73510,1120,72538,97.1541286899742,98.6777309209631,1.52360223098898,1.52360223098898
"MNG",2021,63815,0,3291,0,66999,3291,67106,95.2476902640338,100.159703876177,4.91201361214346,4.91201361214345
"MNG",2022,59004,0,0,0,62457,0,59004,94.4713963206686,94.4713963206686,0,0
"MNP",2018,2769,0,0,0,3679,0,2769,75.2650176678445,75.2650176678445,0,0
"MNP",2019,3329,0,0,0,4220,0,3329,78.8862559241706,78.8862559241706,0,0
"MNP",2020,1757,0,0,0,2052,0,1757,85.6237816764133,85.6237816764133,0,0
"MNP",2021,2321,0,0,0,3670,0,2321,63.2425068119891,63.2425068119891,0,0
"MOZ",2018,1151378,0,0,0,1001157,0,1151378,115.00473951638,115.00473951638,0,0
"MOZ",2019,1160134,0,31885,0,1002534,31885,1192019,115.720165101632,118.900605864739,3.18044076310629,3.1804407631063
"MOZ",2020,1145884,0,19743,0,1054798,19743,1165627,108.635397488429,110.507130275181,1.87173278675159,1.87173278675156
"MOZ",2021,1203604,0,0,0,1073872,0,1203604,112.080769402685,112.080769402685,0,0
"MOZ",2022,1237379,0,0,0,1094154,0,1237379,113.090022062708,113.090022062708,0,0
"MRT",2018,110855,0,0,0,142137,0,110855,77.9916559375814,77.9916559375814,0,0
"MRT",2019,124879,0,0,0,145452,0,124879,85.8558149767621,85.8558149767621,0,0
"MRT",2020,122745,0,6,0,148872,6,122751,82.4500241818475,82.454054489763,0.00403030791552475,0.00403030791552794
"MRT",2021,113990,0,488,0,152371,488,114478,74.8108235819152,75.1310944996095,0.320270917694312,0.320270917694302
"MRT",2022,131643,0,0,0,155967,0,131643,84.4043932370309,84.4043932370309,0,0
"MSR",2017,51,0,0,0,53,0,51,96.2264150943396,96.2264150943396,0,0
"MSR",2018,53,0,0,0,44,0,53,120.454545454545,120.454545454545,0,0
"MSR",2020,62,0,0,0,55,0,62,112.727272727273,112.727272727273,0,0
"MSR",2021,46,0,0,0,46,0,46,100,100,0,0
"MUS",2018,11936,0,110,0,12784,110,12046,93.3667083854819,94.2271589486859,0.860450563204005,0.860450563203997
"MUS",2019,11943,55,815,0,12675,870,12813,94.2248520710059,101.08875739645,6.86390532544379,6.8639053254438
"MUS",2020,11113,0,55,0,13265,55,11168,83.7768563889936,84.1914813418771,0.414624952883528,0.414624952883528
"MUS",2021,10457,0,71,0,12803,71,10528,81.6761696477388,82.2307271733188,0.554557525579942,0.554557525579938
"MUS",2022,10768,0,0,0,11924,0,10768,90.3052666890305,90.3052666890305,0,0
"MWI",2018,632972,0,1690,0,724502,1690,634662,87.3664945024306,87.5997581787214,0.233263676290749,0.233263676290747
"MWI",2019,670045,0,1104,0,729380,1104,671149,91.8650086374729,92.0163700677288,0.151361430255834,0.151361430255832
"MWI",2020,671712,0,0,0,747470,0,671712,89.8647437355345,89.8647437355345,0,0
"MWI",2021,646567,0,0,0,715540,0,646567,90.3607065992118,90.3607065992118,0,0
"MWI",2022,596965,0,0,0,727999,0,596965,82.0007994516476,82.0007994516476,0,0
"MYS",2018,496312,0,0,0,508685,0,496312,97.5676499208744,97.5676499208744,0,0
"MYS",2019,490255,0,0,0,501945,0,490255,97.6710595782406,97.6710595782406,0,0
"MYS",2020,475369,0,0,0,487957,0,475369,97.4202644905186,97.4202644905186,0,0
"MYS",2021,468004,0,0,0,470195,0,468004,99.534023118068,99.534023118068,0,0
"MYS",2022,454780,0,0,0,439744,0,454780,103.41926211614,103.41926211614,0,0
"NAM",2018,67909,0,5660,0,82977,5660,73569,81.8407510514962,88.6619183629198,6.82116731142365,6.82116731142365
"NAM",2019,67511,0,7086,0,84539,7086,74597,79.8578171021659,88.2397473355493,8.38193023338341,8.3819302333834
"NAM",2020,76087,0,0,0,84539,0,76087,90.00224748341,90.00224748341,0,0
"NAM",2021,85986,0,0,0,94101,0,85986,91.3762871807951,91.3762871807951,0,0
"NAM",2022,98170,0,0,0,97395,0,98170,100.795728733508,100.795728733508,0,0
"NIC",2017,151623,3005,0,0,134266,3005,154628,112.927323373006,115.165417901777,2.23809452877124,2.23809452877126
"NIC",2018,152232,0,0,12411,131606,12411,164643,115.672537726243,125.102958831664,9.43042110542073,9.43042110542071
"NIC",2019,146890,5664,140910,5664,128499,146574,293464,114.312173635593,228.378430960552,114.06625732496,114.06625732496
"NIC",2020,129958,16863,0,0,130288,16863,146821,99.7467149699128,112.689580007368,12.9428650374555,12.9428650374555
"NIC",2021,141101,0,0,0,128804,0,141101,109.547063755784,109.547063755784,0,0
"NIU",2017,27,34,28,0,26,62,89,103.846153846154,342.307692307692,238.461538461538,238.461538461538
"NIU",2018,33,0,33,0,33,33,66,100,200,100,100
"NIU",2021,42,0,39,0,42,39,81,100,192.857142857143,92.8571428571429,92.8571428571429
"NLD",2017,161541,0,0,0,173884,0,161541,92.9015895654574,92.9015895654574,0,0
"NLD",2018,161053,0,0,0,172089,0,161053,93.5870392645666,93.5870392645666,0,0
"NLD",2019,159670,0,0,0,170541,0,159670,93.625579772606,93.625579772606,0,0
"NLD",2020,158958,0,0,0,171390,0,158958,92.7463679327849,92.7463679327849,0,0
"NLD",2021,153450,0,0,0,171732,0,153450,89.3543428132206,89.3543428132206,0,0
"NOR",2018,55884,0,0,0,57820,0,55884,96.6516776202006,96.6516776202006,0,0
"NOR",2019,54268,0,0,0,56120,0,54268,96.6999287241625,96.6999287241625,0,0
"NOR",2020,53628,0,0,0,55540,0,53628,96.557436082103,96.557436082103,0,0
"NOR",2021,52634,0,0,0,54731,0,52634,96.1685333723118,96.1685333723118,0,0
"NPL",2018,506764,0,0,0,623394,0,506764,81.2911256765384,81.2911256765384,0,0
"NPL",2019,519675,0,0,0,621565,0,519675,83.6075068576899,83.6075068576899,0,0
"NPL",2020,493877,0,0,0,620739,0,493877,79.562746983837,79.562746983837,0,0
"NPL",2021,510257,0,0,0,620258,0,510257,82.265283156364,82.265283156364,0,0
"NPL",2022,492373,0,0,0,520049,0,492373,94.6781937855856,94.6781937855856,0,0
"NRU",2017,335,0,0,0,350,0,335,95.7142857142857,95.7142857142857,0,0
"NRU",2018,294,0,0,0,308,0,294,95.4545454545455,95.4545454545455,0,0
"NRU",2019,329,0,0,0,335,0,329,98.2089552238806,98.2089552238806,0,0
"NRU",2020,334,0,0,0,328,0,334,101.829268292683,101.829268292683,0,0
"NRU",2021,344,0,0,0,351,0,344,98.005698005698,98.005698005698,0,0
"NZL",2017,56878,0,0,0,61915,0,56878,91.8646531535169,91.8646531535169,0,0
"NZL",2018,56784,0,0,0,61880,0,56784,91.7647058823529,91.7647058823529,0,0
"NZL",2019,55460,0,0,0,60618,0,55460,91.4909762776733,91.4909762776733,0,0
"NZL",2020,54432,0,0,0,59767,0,54432,91.073669416233,91.073669416233,0,0
"NZL",2021,53744,0,0,0,59735,0,53744,89.9707039424123,89.9707039424123,0,0
"OMN",2017,87677,0,0,0,87677,0,87677,100,100,0,0
"OMN",2018,85681,85981,0,0,85702,85981,171662,99.9754964878299,200.301043149518,100.325546661688,100.325546661688
"OMN",2019,85981,0,0,0,85981,0,85981,100,100,0,0
"OMN",2020,80116,0,0,0,80141,0,80116,99.9688049812206,99.9688049812206,0,0
"OMN",2021,78490,0,0,0,79669,0,78490,98.5201270255683,98.5201270255683,0,0
"PAN",2017,78188,2425,0,0,74116,2425,80613,105.494090344865,108.765988450537,3.27189810567219,3.27189810567218
"PAN",2018,71756,0,0,0,74080,0,71756,96.8628509719222,96.8628509719222,0,0
"PAN",2019,58804,5646,4982,5646,73952,10628,69432,79.5164430982259,93.8879273041973,14.3714842059714,14.3714842059714
"PAN",2020,68229,0,0,0,73943,0,68229,92.2724260579095,92.2724260579095,0,0
"PER",2017,510238,30713,0,0,553277,30713,540951,92.2210755191342,97.7721828306617,5.5511073115275,5.5511073115275
"PER",2018,469481,0,0,0,553993,0,469481,84.744933600244,84.744933600244,0,0
"PER",2019,427078,25248,140987,16473,553993,182708,609786,77.0908657690621,110.071065879894,32.9802001108317,32.9802001108317
"PER",2020,434356,25620,0,14865,553993,40485,474841,78.4046007801543,85.7124548505126,7.30785407035829,7.30785407035829
"PER",2021,397567,0,0,0,537207,0,397567,74.0062955248163,74.0062955248163,0,0
"PHL",2018,1919535,21722,207442,0,2866558,229164,2148699,66.9630616230336,74.9574576896752,7.9943960666416,7.9943960666416
"PHL",2019,1658713,0,16319,0,2221454,16319,1675032,74.6678976922322,75.4025066465477,0.734608954315507,0.73460895431549
"PHL",2020,1528923,101312,0,0,2123158,101312,1630235,72.0117391169192,76.783498920005,4.77175980308578,4.77175980308579
"PHL",2021,1214820,0,249789,0,2128152,249789,1464609,57.0833286344209,68.8206951383172,11.7373665038963,11.7373665038963
"PHL",2022,1469429,0,0,0,2131496,0,1469429,68.9388579664236,68.9388579664236,0,0
"PLW",2017,297,0,0,0,328,0,297,90.5487804878049,90.5487804878049,0,0
"PLW",2018,320,0,0,0,329,0,320,97.2644376899696,97.2644376899696,0,0
"PLW",2019,344,0,0,0,369,0,344,93.2249322493225,93.2249322493225,0,0
"PLW",2020,553,0,0,0,595,0,553,92.9411764705882,92.9411764705882,0,0
"PLW",2021,300,0,0,0,310,0,300,96.7741935483871,96.7741935483871,0,0
"PNG",2018,101538,129861,0,0,271531,129861,231399,37.3946252914032,85.2201037818886,47.8254784904854,47.8254784904854
"PNG",2019,95025,0,79719,0,290784,79719,174744,32.6788956751403,60.0940904588973,27.415194783757,27.415194783757
"PNG",2020,130280,0,0,0,298523,0,130280,43.6415284584437,43.6415284584437,0,0
"PNG",2021,107512,0,0,0,306488,0,107512,35.0786980240662,35.0786980240662,0,0
"PNG",2022,128786,0,0,0,314650,0,128786,40.9299221357063,40.9299221357063,0,0
"POL",2017,351587,0,0,0,378311,0,351587,92.9359706696342,92.9359706696342,0,0
"POL",2019,265405,0,0,0,330467,0,265405,80.3121037804077,80.3121037804077,0,0
"PRK",2018,328882,0,0,0,335037,0,328882,98.1628894719091,98.1628894719091,0,0
"PRK",2019,317772,0,0,0,322449,0,317772,98.5495380664849,98.5495380664849,0,0
"PRK",2020,303428,0,0,0,306153,0,303428,99.1099221631015,99.1099221631015,0,0
"PRK",2021,129307,0,0,0,307792,0,129307,42.0111633830639,42.0111633830639,0,0
"PRK",2022,150443,0,0,0,302701,0,150443,49.7001992064777,49.7001992064777,0,0
"PRY",2017,114089,5589,0,0,141218,5589,119678,80.7892761545979,84.746986928012,3.95771077341415,3.95771077341415
"PRY",2018,105514,0,0,2445,141319.9168,2445,107959,74.6632197281339,76.3933367953978,1.73011706726394,1.73011706726393
"PRY",2019,96044,7577,4356,4203,141547,16136,112180,67.8530806022028,79.2528276826778,11.399747080475,11.3997470804751
"PRY",2020,79723,8885,0,6705,141616,15590,95313,56.2951926336007,67.3038357247769,11.0086430911761,11.0086430911761
"PRY",2021,59763,0,0,0,141802,0,59763,42.145385819664,42.145385819664,0,0
"PSE",2017,137129,1020,0,0,137006,1020,138149,100.089777090054,100.834270031969,0.744492941914953,0.74449294191497
"PSE",2018,139143,0,0,0,135585,0,139143,102.624184091161,102.624184091161,0,0
"PSE",2019,135761,102,0,0,133495,102,135863,101.697441851755,101.773849207835,0.0764073560807521,0.0764073560807361
"PSE",2020,133714,0,0,0,136067,0,133714,98.2707048733345,98.2707048733345,0,0
"PSE",2021,136302,0,0,0,141241,0,136302,96.5031400230811,96.5031400230811,0,0
"QAT",2017,27838,0,0,0,27856,0,27838,99.9353819643883,99.9353819643883,0,0
"QAT",2018,28072,0,0,0,28103,0,28072,99.8896914920115,99.8896914920115,0,0
"QAT",2019,25843,0,0,0,28860,0,25843,89.5460845460845,89.5460845460845,0,0
"QAT",2020,26056,0,0,0,26175,0,26056,99.5453677172875,99.5453677172875,0,0
"QAT",2021,26652,0,0,0,26753,0,26652,99.6224722461032,99.6224722461032,0,0
"ROU",2017,80848,76189,0,0,173871,76189,157037,46.4988410948347,90.3181094029482,43.8192683081135,43.8192683081135
"ROU",2018,80510,68071,0,0,166071,68071,148581,48.4792648927266,89.4683599183482,40.9890950256216,40.9890950256216
"ROU",2019,77175,60791,0,0,161806,60791,137966,47.6960063285663,85.2663065646515,37.5703002360852,37.5703002360852
"ROU",2020,130205,67703,0,0,153284,67703,197908,84.9436340387777,129.111975157224,44.1683411184468,44.1683411184468
"ROU",2021,123693,0,0,0,151488,0,123693,81.6520120405577,81.6520120405577,0,0
"RUS",2017,1723774,6880,0,0,1766713,6880,1730654,97.5695543079153,97.9589780569906,0.38942374907526,0.389423749075249
"RUS",2018,1594338,7047,0,0,1632609,7047,1601385,97.6558379869277,98.0874783858229,0.431640398895265,0.431640398895254
"RUS",2019,1519506,38905,0,0,1561940,38905,1558411,97.2832503169136,99.7740630241879,2.49081270727429,2.49081270727429
"RUS",2020,1424993,35894,0,0,1463898,35894,1460887,97.3423694820268,99.7943162706691,2.45194678864238,2.45194678864239
"RUS",2021,1368602,0,0,0,1404496,0,1368602,97.4443501441086,97.4443501441086,0,0
"RWA",2018,352573,0,0,0,357822,0,352573,98.5330695150103,98.5330695150103,0,0
"RWA",2019,349590,0,1064,0,364820,1064,350654,95.8253385231073,96.1169892001535,0.291650677046215,0.291650677046206
"RWA",2020,350918,0,744,0,371803,744,351662,94.3827779765091,94.5828839466061,0.200105970097068,0.200105970097056
"RWA",2021,327901,0,782,0,378858,782,328683,86.5498418932687,86.7562516826885,0.206409789419783,0.20640978941978
"RWA",2022,342184,0,0,0,339900,0,342184,100.671962341865,100.671962341865,0,0
"SAU",2017,541853,0,3,0,552911,3,541856,98.0000397894055,98.0005823722082,0.000542582802657209,0.000542582802665947
"SAU",2018,438950,0,3,0,459810,3,438953,95.4633435549466,95.4639959983471,0.000652443400535004,0.000652443400525726
"SAU",2019,450658,0,3,0,469925,3,450661,95.8999840400064,95.900622439751,0.000638399744640102,0.000638399744644857
"SAU",2020,475743,0,3,0,485386,3,475746,98.013333717907,98.0139517827049,0.000618064797913413,0.00061806479791926
"SAU",2021,447494,0,3,0,456564,3,447497,98.0134219956019,98.0140790776321,0.00065708203012064,0.000657082030130596
"SEN",2018,455086,0,14801,0,548839,14801,469887,82.9179413270558,85.6147249011094,2.69678357405359,2.69678357405358
"SEN",2019,536501,0,8536,0,559215,8536,545037,95.9382348470624,97.4646602827177,1.52642543565534,1.52642543565534
"SEN",2020,547201,0,19271,0,575218,19271,566472,95.1293248820447,98.4795329770626,3.35020809501789,3.3502080950179
"SEN",2021,554634,0,7338,0,589156,7338,561972,94.1404313967778,95.385941923701,1.24551052692326,1.24551052692325
"SEN",2022,400387,0,0,0,602424,0,400387,66.4626575302445,66.4626575302445,0,0
"SLB",2017,15464,0,0,0,16589,0,15464,93.2183977334378,93.2183977334378,0,0
"SLB",2018,13507,0,0,0,16760,0,13507,80.590692124105,80.590692124105,0,0
"SLB",2019,13648,0,0,0,16868,0,13648,80.9105999525729,80.9105999525729,0,0
"SLB",2020,11155,0,0,0,16575,0,11155,67.3001508295626,67.3001508295626,0,0
"SLB",2021,15065,0,0,0,16682,0,15065,90.3069176357751,90.3069176357751,0,0
"SLE",2018,225615,0,0,0,230557,0,225615,97.8564953568966,97.8564953568966,0,0
"SLE",2019,265458,0,3143,0,286981,3143,268601,92.5002003616964,93.5953948170785,1.09519445538206,1.09519445538207
"SLE",2020,253046,0,3736,0,291611,3736,256782,86.7751902363079,88.0563490403311,1.28115880402317,1.28115880402318
"SLE",2021,267923,0,7167,0,307022,7167,275090,87.2650819810958,89.5994423852362,2.33436040414042,2.33436040414043
"SLE",2022,282566,0,0,0,314288,0,282566,89.9067097693835,89.9067097693835,0,0
"SLV",2017,89293,1380,0,0,110883,1380,90673,80.5290260905639,81.7735811621258,1.24455507156192,1.2445550715619
"SLV",2018,90979,0,0,3836,110335,3836,94815,82.4570625821362,85.9337472243622,3.47668464222595,3.47668464222595
"SLV",2019,77844,68264,3836,3479,109690,75579,153423,70.9672714012216,139.869632600966,68.9023611997447,68.9023611997447
"SLV",2020,86152,3479,0,3479,101853,3479,89631,84.5846465003485,88.0003534505611,3.41570695021256,3.41570695021255
"SLV",2021,64460,0,0,0,99817,0,64460,64.5781780658605,64.5781780658605,0,0
"SMR",2017,242,22,0,0,271,22,264,89.2988929889299,97.4169741697417,8.11808118081181,8.1180811808118
"SMR",2018,204,38,0,0,238,38,242,85.7142857142857,101.680672268908,15.9663865546218,15.9663865546218
"SMR",2019,224,75,0,0,249,75,299,89.9598393574297,120.080321285141,30.1204819277108,30.1204819277109
"SMR",2020,218,80,0,0,246,80,298,88.6178861788618,121.138211382114,32.520325203252,32.520325203252
"SMR",2021,217,0,0,0,239,0,217,90.7949790794979,90.7949790794979,0,0
"SRB",2017,59911,0,0,0,64175,0,59911,93.3556680950526,93.3556680950526,0,0
"SRB",2018,56195,0,0,0,63871,0,56195,87.9820262717039,87.9820262717039,0,0
"SRB",2019,50501,0,0,0,64633,0,50501,78.135008432225,78.135008432225,0,0
"SRB",2020,48459,0,0,0,64789,0,48459,74.7951041071787,74.7951041071787,0,0
"SRB",2021,48926,0,0,0,60176,0,48926,81.304839138527,81.304839138527,0,0
"STP",2018,5152,0,0,0,5448,0,5152,94.5668135095448,94.5668135095448,0,0
"STP",2019,5267,280,0,0,5561,280,5547,94.7131810825391,99.7482467182162,5.03506563567704,5.03506563567704
"STP",2021,4489,0,0,0,5794,0,4489,77.4767000345185,77.4767000345185,0,0
"SUR",2017,9251,425,0,0,9484,425,9676,97.5432307043442,102.024462252214,4.4812315478701,4.4812315478701
"SUR",2018,7810,0,0,0,9189,0,7810,84.9929263249537,84.9929263249537,0,0
"SUR",2019,6157,0,0,0,9330,0,6157,65.9914255091104,65.9914255091104,0,0
"SUR",2020,7462,0,0,0,9437,0,7462,79.0717389000742,79.0717389000742,0,0
"SUR",2021,8934,0,0,0,9402,0,8934,95.022335673261,95.022335673261,0,0
"SVK",2017,53594,0,0,0,55777,0,53594,96.0862004051849,96.0862004051849,0,0
"SVK",2018,55690,0,0,0,57894,0,55690,96.193042456904,96.193042456904,0,0
"SVK",2020,54779,0,0,0,57409,0,54779,95.4188367677542,95.4188367677542,0,0
"SVK",2021,53750,0,0,0,56765,0,53750,94.6886285563287,94.6886285563287,0,0
"SWZ",2018,26494,0,2280,0,32568,2280,28774,81.3497912060919,88.3505281257676,7.00073691967576,7.00073691967576
"SWZ",2019,25634,0,0,0,31037,0,25634,82.5917453362116,82.5917453362116,0,0
"SWZ",2020,23659,0,0,0,31044,0,23659,76.211184125757,76.211184125757,0,0
"SWZ",2021,24259,0,0,0,30170,0,24259,80.4076897580378,80.4076897580378,0,0
"SWZ",2022,25186,0,0,0,30524,0,25186,82.5121216092255,82.5121216092255,0,0
"SYC",2017,1557,0,0,0,1651,0,1557,94.3064809206541,94.3064809206541,0,0
"SYC",2018,1656,0,10,0,1651,10,1666,100.30284675954,100.908540278619,0.605693519079346,0.605693519079352
"SYC",2019,1552,0,1,0,1605,1,1553,96.6978193146417,96.7601246105919,0.0623052959501558,0.0623052959501535
"SYC",2020,1466,0,1,0,1554,1,1467,94.3371943371943,94.4015444015444,0.0643500643500644,0.0643500643500516
"SYC",2021,1638,0,1,0,1665,1,1639,98.3783783783784,98.4384384384384,0.0600600600600601,0.0600600600600529
"SYR",2017,420483,0,0,0,524578,0,420483,80.1564305022323,80.1564305022323,0,0
"SYR",2018,414003,0,0,0,547158,0,414003,75.6642505455463,75.6642505455463,0,0
"SYR",2019,438598,435170,0,0,576533,435170,873768,76.0750902376794,151.555591787461,75.4805015497812,75.4805015497812
"SYR",2020,435170,334969,0,0,572825,334969,770139,75.9691005106272,134.445773141885,58.4766726312574,58.4766726312574
"SYR",2021,334969,0,0,0,572825,0,334969,58.4766726312574,58.4766726312574,0,0
"TCA",2017,588,35,0,0,638,35,623,92.1630094043887,97.6489028213166,5.4858934169279,5.48589341692791
"TCA",2018,523,0,0,0,547,0,523,95.6124314442413,95.6124314442413,0,0
"TCA",2019,545,0,0,0,572,0,545,95.2797202797203,95.2797202797203,0,0
"TCA",2020,495,6,0,6,574,6,501,86.2369337979094,87.2822299651568,1.04529616724739,1.04529616724739
"TCA",2021,501,0,0,0,531,0,501,94.3502824858757,94.3502824858757,0,0
"TGO",2018,263399,0,10350,0,308775,10350,273749,85.304509756295,88.6564650635576,3.35195530726257,3.35195530726257
"TGO",2019,282713,0,1326,0,316877,1326,284039,89.21852958719,89.6369884844908,0.418458897300845,0.418458897300837
"TGO",2020,270128,0,961,0,323540,961,271089,83.4913766458552,83.7884032886196,0.297026642764419,0.297026642764422
"TGO",2021,276502,0,240937,0,330878,240937,517439,83.5661482479947,156.383621757868,72.8174735098737,72.8174735098737
"TGO",2022,289175,0,0,0,338624,0,289175,85.3970775845776,85.3970775845776,0,0
"THA",2018,376388,0,0,0,421063,0,376388,89.3899487725115,89.3899487725115,0,0
"THA",2019,351580,0,0,0,389125,0,351580,90.3514294892387,90.3514294892387,0,0
"THA",2021,296909,0,0,0,353424,0,296909,84.0092919552719,84.0092919552719,0,0
"THA",2022,266783,0,0,0,309455,0,266783,86.2105960478906,86.2105960478906,0,0
"TJK",2017,233951,0,0,0,239122,0,233951,97.8375055411045,97.8375055411045,0,0
"TJK",2018,242705,0,0,0,247691,0,242705,97.9870080059429,97.9870080059429,0,0
"TJK",2019,243731,0,0,0,248408,0,243731,98.1172103958005,98.1172103958005,0,0
"TJK",2020,239341,0,0,0,245920,0,239341,97.3247397527651,97.3247397527651,0,0
"TJK",2021,224625,0,0,0,228923,0,224625,98.1225128099841,98.1225128099841,0,0
"TKL",2017,26,2,0,0,26,2,28,100,107.692307692308,7.69230769230769,7.69230769230769
"TKL",2018,54,0,2,0,55,2,56,98.1818181818182,101.818181818182,3.63636363636364,3.63636363636363
"TKL",2020,38,0,2,0,40,2,40,95,100,5,5
"TKL",2021,30,0,0,0,30,0,30,100,100,0,0
"TLS",2018,32926,0,0,0,45040,0,32926,73.1039076376554,73.1039076376554,0,0
"TLS",2019,36693,0,0,0,44981,0,36693,81.5744425424068,81.5744425424068,0,0
"TLS",2020,34193,0,0,0,31905,0,34193,107.171289766494,107.171289766494,0,0
"TLS",2021,26129,0,24022,0,31679,24022,50151,82.48050759178,158.309921399034,75.829413807254,75.829413807254
"TLS",2022,28144,0,0,0,31832,0,28144,88.4141744156823,88.4141744156823,0,0
"TON",2018,2125,0,0,0,2140,0,2125,99.2990654205608,99.2990654205608,0,0
"TON",2019,2217,0,4280,0,2226,4280,6497,99.5956873315364,291.868823000898,192.273135669362,192.273135669362
"TON",2020,2108,0,0,0,2118,0,2108,99.5278564683664,99.5278564683664,0,0
"TON",2021,2108,0,0,0,2118,0,2108,99.5278564683664,99.5278564683664,0,0
"TTO",2017,14930,325,0,0,16593,325,15255,89.9777014403664,91.9363587054782,1.95865726511179,1.9586572651118
"TTO",2018,15177,0,15177,47,15311,15224,30401,99.1248122265038,198.556593298935,99.4317810724316,99.4317810724316
"TTO",2019,14695,49,0,0,16134,49,14744,91.080947068303,91.3846535267138,0.303706458410809,0.303706458410815
"TTO",2020,13448,0,0,0,14413,0,13448,93.3046555193228,93.3046555193228,0,0
"TTO",2021,12892,0,0,0,14000,0,12892,92.0857142857143,92.0857142857143,0,0
"TUN",2017,185623,0,0,0,208080,0,185623,89.2075163398693,89.2075163398693,0,0
"TUN",2018,187511,0,0,0,198413,0,187511,94.5054003517915,94.5054003517915,0,0
"TUN",2019,178649,0,0,0,192356,0,178649,92.8741500135166,92.8741500135166,0,0
"TUN",2020,161154,0,0,0,179537,0,161154,89.7608849429366,89.7608849429366,0,0
"TUN",2021,149878,0,0,0,166807,0,149878,89.8511453356274,89.8511453356274,0,0
"TUR",2017,1233216,2559,0,0,1283570,2559,1235775,96.0770351441682,96.2764009754045,0.199365831236317,0.199365831236307
"TUR",2018,1203966,2347,0,0,1241407,2347,1206313,96.9839867182963,97.1730463901041,0.189059671807876,0.189059671807883
"TUR",2019,1118516,3023,0,0,1176839,3023,1121539,95.0440969410429,95.3009715007745,0.25687455973162,0.256874559731628
"TUR",2020,1063604,0,0,0,1106779,0,1063604,96.0990405491973,96.0990405491973,0,0
"TUR",2021,1022042,0,0,0,1073509,0,1022042,95.2057225416834,95.2057225416834,0,0
"TUV",2017,247,0,0,0,280,0,247,88.2142857142857,88.2142857142857,0,0
"TUV",2018,289,0,0,0,300,0,289,96.3333333333333,96.3333333333333,0,0
"TUV",2019,298,35,0,0,321,35,333,92.8348909657321,103.738317757009,10.9034267912773,10.9034267912773
"TUV",2020,306,0,0,0,328,0,306,93.2926829268293,93.2926829268293,0,0
"TUV",2021,244,0,0,0,271,0,244,90.0369003690037,90.0369003690037,0,0
"TZA",2018,2019348,0,0,0,2013744,0,2019348,100.278287607561,100.278287607561,0,0
"TZA",2019,2104972,0,0,0,2061343,0,2104972,102.116532765289,102.116532765289,0,0
"TZA",2020,2119442,0,0,0,2116379,0,2119442,100.144728330795,100.144728330795,0,0
"TZA",2021,1999571,0,0,0,2176804,0,1999571,91.8581094117798,91.8581094117798,0,0
"TZA",2022,2423315,0,0,0,2213094,0,2423315,109.498963893987,109.498963893987,0,0
"UGA",2018,1439971,35410,157605,0,1669393,193015,1632986,86.2571605367939,97.8191474386199,11.561986901826,11.561986901826
"UGA",2019,1506849,22743,35410,0,1733243,58153,1565002,86.9381269677708,90.2932825922274,3.35515562445658,3.35515562445657
"UGA",2020,1702512,0,0,0,1788095,0,1702512,95.2137330510963,95.2137330510963,0,0
"UGA",2021,1656729,0,0,0,1840768,0,1656729,90.0020534907169,90.0020534907169,0,0
"UGA",2022,2075652,0,0,0,1898811,0,2075652,109.313249185938,109.313249185938,0,0
"UKR",2017,313128,132572,0,0,344126,132572,445700,90.9922528376234,129.516514299995,38.5242614623713,38.5242614623713
"UKR",2018,310838,58508,0,0,333477,58508,369346,93.2112259616105,110.756064136357,17.5448381747467,17.5448381747467
"UKR",2019,260278,58538,260278,0,312360,318816,579094,83.3262901779997,185.393136124984,102.066845946984,102.066845946984
"UKR",2020,258368,37386,0,0,292082,37386,295754,88.4573510178649,101.257181202539,12.7998301846742,12.7998301846742
"UKR",2021,192362,0,0,0,259646,0,192362,74.0862559022669,74.0862559022669,0,0
"URY",2017,41728,0,0,0,43036,0,41728,96.960684078446,96.960684078446,0,0
"URY",2018,38684,11126,0,0,40139,11126,49810,96.3750965395251,124.093774134881,27.7186775953561,27.7186775953562
"URY",2019,35782,3675,0,101,37472,3776,39558,95.4899658411614,105.56682322801,10.0768573868488,10.0768573868489
"URY",2020,33357,850,0,850,35835,850,34207,93.0849727919632,95.4569554904423,2.37198269847914,2.37198269847914
"URY",2021,33561,0,0,0,35072,0,33561,95.691719890511,95.691719890511,0,0
"UZB",2017,683184,4788,683184,0,714713,687972,1371156,95.5885789120948,191.847077078492,96.2584981663969,96.2584981663969
"UZB",2018,697067,764992,0,0,714718,764992,1462059,97.5303546293783,204.564457590266,107.034102960888,107.034102960888
"UZB",2019,754359,0,754359,0,755694,754359,1508718,99.8233411936578,199.646682387316,99.8233411936578,99.8233411936578
"UZB",2020,763252,2608,0,0,772297,2608,765860,98.8288184467893,99.1665123650616,0.337693918272374,0.337693918272379
"UZB",2021,810387,0,0,0,813907,0,810387,99.5675181562513,99.5675181562513,0,0
"VCT",2017,1562,0,0,0,1545,0,1562,101.100323624595,101.100323624595,0,0
"VCT",2018,1690,0,0,0,1493,0,1690,113.194909578031,113.194909578031,0,0
"VCT",2019,1441,0,0,0,1327,0,1441,108.590806330068,108.590806330068,0,0
"VCT",2020,1195,0,0,0,1248,0,1195,95.7532051282051,95.7532051282051,0,0
"VCT",2021,1344,0,0,0,1358,0,1344,98.9690721649485,98.9690721649485,0,0
"VEN",2017,398896,155518,0,0,539405,155518,554414,73.951112800215,102.782510358636,28.8313975584208,28.8313975584209
"VEN",2018,498537,126371,0,126371,537482,126371,624908,92.7541759537994,116.26584704232,23.5116710885202,23.5116710885202
"VEN",2019,407949,119479,0,25560,535575,145039,552988,76.1702842739112,103.251271997386,27.0809877234748,27.0809877234748
"VEN",2020,362793,0,0,0,533590,0,362793,67.9909668472048,67.9909668472048,0,0
"VGB",2017,306,39,0,0,324,39,345,94.4444444444444,106.481481481481,12.037037037037,12.0370370370371
"VGB",2018,279,28,0,28,313,28,307,89.1373801916933,98.0830670926518,8.94568690095847,8.94568690095846
"VGB",2019,344,6,0,6,348,6,350,98.8505747126437,100.574712643678,1.72413793103448,1.72413793103449
"VGB",2020,278,18,0,0,336,18,296,82.7380952380952,88.0952380952381,5.35714285714286,5.35714285714286
"VGB",2021,267,0,0,0,365,0,267,73.1506849315068,73.1506849315068,0,0
"VUT",2017,6611,0,0,0,8545,0,6611,77.366881217086,77.366881217086,0,0
"VUT",2018,6611,0,0,0,8691,0,6611,76.0671959498332,76.0671959498332,0,0
"VUT",2021,6236,0,0,0,8852,0,6236,70.4473565295978,70.4473565295978,0,0
"WSM",2017,2330,0,0,0,5773,0,2330,40.3602979386801,40.3602979386801,0,0
"WSM",2018,5439,661,0,0,5660,661,6100,96.095406360424,107.773851590106,11.678445229682,11.678445229682
"WSM",2019,3574,0,0,0,5454,0,3574,65.5298863219655,65.5298863219655,0,0
"WSM",2020,3623,2185,2205,0,5821,4390,8013,62.2401649201168,137.656760006872,75.4165950867549,75.4165950867549
"WSM",2021,4485,0,0,0,5496,0,4485,81.6048034934498,81.6048034934498,0,0
"XKX",2019,21556,0,0,0,23468,0,21556,91.8527356400205,91.8527356400205,0,0
"XKX",2020,19841,0,0,0,23421,0,19841,84.7145723922975,84.7145723922975,0,0
"XKX",2021,20088,0,0,0,22933,0,20088,87.5942964287272,87.5942964287272,0,0
"YEM",2018,731064,0,57888,0,1013963,57888,788952,72.0996722760101,77.8087563352903,5.70908405928027,5.70908405928027
"YEM",2019,781154,0,61264,0,1046491,61264,842418,74.6450757818271,80.4993067307793,5.85423094895226,5.85423094895226
"YEM",2020,805463,0,79328,0,1064833,79328,884791,75.6421899020785,83.0919965853801,7.44980668330151,7.44980668330152
"YEM",2021,868074,0,87136,0,1096683,87136,955210,79.1545049936946,87.0999185726413,7.9454135789467,7.9454135789467
"YEM",2022,912820,0,0,0,1129495,0,912820,80.8166481480662,80.8166481480662,0,0
"ZMB",2018,634999,0,0,0,675509,0,634999,94.0030406700725,94.0030406700725,0,0
"ZMB",2019,647988,0,0,0,695247,0,647988,93.2025596658454,93.2025596658454,0,0
"ZMB",2020,703631,0,0,0,735358,0,703631,95.685502843513,95.685502843513,0,0
"ZMB",2021,690756,0,0,0,764176,0,690756,90.3922656560792,90.3922656560792,0,0
"ZMB",2022,824063,0,0,0,824726,0,824063,99.9196096643006,99.9196096643006,0,0
"ZWE",2018,389528,0,0,0,454978,0,389528,85.6146890618887,85.6146890618887,0,0
"ZWE",2019,386285,0,0,0,459428,0,386285,84.079551093969,84.079551093969,0,0
"ZWE",2020,394076,0,0,0,464123,0,394076,84.9076645630576,84.9076645630576,0,0
"ZWE",2022,414948,0,0,0,442659,0,414948,93.7398765189457,93.7398765189457,0,0
